{
  "characteristic_analysis": {
    "10x+ Baggers": {
      "count": 5,
      "avg_ml_probability": 0.43064949148702186,
      "avg_rsi": 70.20926529686548,
      "avg_macd": 1.897173104806407,
      "avg_volume_ratio": 0.9082074819403971,
      "avg_trend_strength": 0.09023714819875636,
      "avg_gradient_boosting": 0.2475119556033733,
      "avg_random_forest": 0.6329767548383846,
      "avg_logistic_regression": 0.5850024361690993,
      "avg_return": 1105.2564061231355,
      "stocks": [
        "TRIDENT: 964.5% (10x)",
        "USHAMART: 1240.0% (10x)",
        "APLAPOLLO: 1230.8% (10x)",
        "HUDCO: 965.1% (10x)",
        "BEL: 1125.9% (10x)"
      ]
    },
    "5x-10x Baggers": {
      "count": 2,
      "avg_ml_probability": 0.44216956172412647,
      "avg_rsi": 65.4111073421955,
      "avg_macd": 1.3022910272536947,
      "avg_volume_ratio": 0.5450705715413209,
      "avg_trend_strength": 0.08563998584199968,
      "avg_gradient_boosting": 0.2758083346184361,
      "avg_random_forest": 0.6625228174334974,
      "avg_logistic_regression": 0.5275427459242963,
      "avg_return": 812.9796340008954,
      "stocks": [
        "RECLTD: 862.3% (5x)",
        "SJVN: 763.7% (5x)"
      ]
    },
    "2x-5x Baggers": {
      "count": 6,
      "avg_ml_probability": 0.4336985177028098,
      "avg_rsi": 70.06096443072464,
      "avg_macd": 2.129847068700172,
      "avg_volume_ratio": 1.8173230444586608,
      "avg_trend_strength": 0.10253004871592401,
      "avg_gradient_boosting": 0.24101392226122068,
      "avg_random_forest": 0.637950581012411,
      "avg_logistic_regression": 0.6090319113423813,
      "avg_return": 222.4799637009544,
      "stocks": [
        "NBCC: 221.0% (3x)",
        "MANAPPURAM: 114.4% (2x)",
        "ORIENTCEM: 341.6% (3x)",
        "SAIL: 288.0% (3x)",
        "IOC: 176.4% (2x)",
        "VARDHACRLC: 193.4% (2x)"
      ]
    },
    "Non-Multibaggers": {
      "count": 2,
      "avg_ml_probability": 0.4062688158393681,
      "avg_rsi": 78.11923031743109,
      "avg_macd": 6.006773268809582,
      "avg_volume_ratio": 1.024933404799637,
      "avg_trend_strength": 0.15346532604554883,
      "avg_gradient_boosting": 0.18121436153681791,
      "avg_random_forest": 0.5831036601955063,
      "avg_logistic_regression": 0.7036526850615361,
      "avg_return": 54.117365023282105,
      "stocks": [
        "YESBANK: 12.2% (Positive)",
        "IDFCFIRSTB: 96.0% (1.5x)"
      ]
    }
  },
  "timing_analysis": {
    "peak_years": {
      "2024": [
        {
          "symbol": "NBCC",
          "return": 221.03774384452953,
          "level": "3x"
        },
        {
          "symbol": "RECLTD",
          "return": 862.2679725063073,
          "level": "5x"
        },
        {
          "symbol": "MANAPPURAM",
          "return": 114.39712134611094,
          "level": "2x"
        },
        {
          "symbol": "USHAMART",
          "return": 1240.0474047131293,
          "level": "10x"
        },
        {
          "symbol": "ORIENTCEM",
          "return": 341.6244223967824,
          "level": "3x"
        },
        {
          "symbol": "SAIL",
          "return": 288.0199504933723,
          "level": "3x"
        },
        {
          "symbol": "SJVN",
          "return": 763.6912954954836,
          "level": "5x"
        },
        {
          "symbol": "HUDCO",
          "return": 965.0606514035919,
          "level": "10x"
        },
        {
          "symbol": "IOC",
          "return": 176.42479115076492,
          "level": "2x"
        },
        {
          "symbol": "BEL",
          "return": 1125.9138688655985,
          "level": "10x"
        },
        {
          "symbol": "VARDHACRLC",
          "return": 193.3757529741662,
          "level": "2x"
        }
      ],
      "2022": [
        {
          "symbol": "TRIDENT",
          "return": 964.4740776475462,
          "level": "10x"
        }
      ],
      "2023": [
        {
          "symbol": "APLAPOLLO",
          "return": 1230.7860279858119,
          "level": "10x"
        },
        {
          "symbol": "IDFCFIRSTB",
          "return": 96.04742742193378,
          "level": "1.5x"
        }
      ],
      "2019": [
        {
          "symbol": "YESBANK",
          "return": 12.187302624630437,
          "level": "Positive"
        }
      ]
    },
    "time_to_peak": {
      "4+ Years": [
        {
          "symbol": "NBCC",
          "return": 221.03774384452953,
          "days": 1994,
          "years": 5.45927446954141
        },
        {
          "symbol": "RECLTD",
          "return": 862.2679725063073,
          "days": 1946,
          "years": 5.327857631759069
        },
        {
          "symbol": "MANAPPURAM",
          "return": 114.39712134611094,
          "days": 1953,
          "years": 5.347022587268994
        },
        {
          "symbol": "USHAMART",
          "return": 1240.0474047131293,
          "days": 2042,
          "years": 5.590691307323751
        },
        {
          "symbol": "APLAPOLLO",
          "return": 1230.7860279858119,
          "days": 1636,
          "years": 4.479123887748118
        },
        {
          "symbol": "ORIENTCEM",
          "return": 341.6244223967824,
          "days": 1973,
          "years": 5.401779603011636
        },
        {
          "symbol": "SAIL",
          "return": 288.0199504933723,
          "days": 1895,
          "years": 5.188227241615332
        },
        {
          "symbol": "SJVN",
          "return": 763.6912954954836,
          "days": 1950,
          "years": 5.338809034907597
        },
        {
          "symbol": "HUDCO",
          "return": 965.0606514035919,
          "days": 1946,
          "years": 5.327857631759069
        },
        {
          "symbol": "IOC",
          "return": 176.42479115076492,
          "days": 1792,
          "years": 4.906228610540725
        },
        {
          "symbol": "BEL",
          "return": 1125.9138688655985,
          "days": 1946,
          "years": 5.327857631759069
        },
        {
          "symbol": "VARDHACRLC",
          "return": 193.3757529741662,
          "days": 1791,
          "years": 4.903490759753593
        },
        {
          "symbol": "IDFCFIRSTB",
          "return": 96.04742742193378,
          "days": 1636,
          "years": 4.479123887748118
        }
      ],
      "2-3 Years": [
        {
          "symbol": "TRIDENT",
          "return": 964.4740776475462,
          "days": 1040,
          "years": 2.847364818617385
        }
      ],
      "<1 Year": [
        {
          "symbol": "YESBANK",
          "return": 12.187302624630437,
          "days": 19,
          "years": 0.05201916495550993
        }
      ]
    },
    "peak_months": {
      "2024-08": [
        {
          "symbol": "NBCC",
          "return": 221.03774384452953
        },
        {
          "symbol": "ORIENTCEM",
          "return": 341.6244223967824
        }
      ],
      "2024-07": [
        {
          "symbol": "RECLTD",
          "return": 862.2679725063073
        },
        {
          "symbol": "MANAPPURAM",
          "return": 114.39712134611094
        },
        {
          "symbol": "SJVN",
          "return": 763.6912954954836
        },
        {
          "symbol": "HUDCO",
          "return": 965.0606514035919
        },
        {
          "symbol": "BEL",
          "return": 1125.9138688655985
        }
      ],
      "2022-01": [
        {
          "symbol": "TRIDENT",
          "return": 964.4740776475462
        }
      ],
      "2024-10": [
        {
          "symbol": "USHAMART",
          "return": 1240.0474047131293
        }
      ],
      "2023-09": [
        {
          "symbol": "APLAPOLLO",
          "return": 1230.7860279858119
        },
        {
          "symbol": "IDFCFIRSTB",
          "return": 96.04742742193378
        }
      ],
      "2024-05": [
        {
          "symbol": "SAIL",
          "return": 288.0199504933723
        }
      ],